index,gesture,tf_float,tf_div256,hw_sim_int16
0,swipe-L,5894.016113,23,22
1,swipe-R,5521.237305,22,21
2,push,6022.489258,24,23
3,pull,5724.381348,22,22
4,rest,5722.102051,22,22
