index,tf_float,tf_div256,hw_sim_int16
0,8837.759766,35,34
1,9616.257812,38,37
2,8917.503906,35,34
3,8528.160156,33,33
4,9306.659180,36,36
5,9012.609375,35,35
6,8096.302246,32,31
7,8874.802734,35,34
8,9653.299805,38,37
9,8348.776367,33,32
