{
  "s0": 8,
  "s3": 16,
  "threshold": 20,
  "metrics": {
    "f1": 0.9401709396702181,
    "prec": 0.9552102376590903,
    "rec": 0.9255978742241581,
    "tp": 1045,
    "fp": 49,
    "fn": 84,
    "tn": 822
  },
  "w0_range": [
    -38,
    26
  ],
  "w3_range": [
    -97,
    63
  ],
  "golden_mismatches": 0
}